smiles,freesolv
C1CCC(CC1)N,-4.59
c1ccc(cc1)Oc2ccccc2,-2.87
CCO,-5.0
CCCC[C@@H](C)CC,2.97
C[C@H](C(F)(F)F)O,-4.2
CC(F)F,-0.11
CCCCCC#C,0.6
c1ccc(cc1)N,-5.49
Cc1cc(c2ccccc2c1)C,-2.47
CCCCN,-4.24
CCCCCCCCC,3.13
CCC,2.0
CF,-0.22
CC(C)C(C)C,2.34
CCOC=O,-2.56
c1cc2c(cc1Cl)Oc3cc(c(c(c3O2)Cl)Cl)Cl,-3.84
CCCCC[N+](=O)[O-],-2.82
CCCCCCl,-0.1
CCc1cccc2c1cccc2,-2.4
CCCC(=C)C,1.47
C1CC=CC1,0.56
CCCOC=O,-2.48
CCCI,-0.53
Cc1ccccc1[N+](=O)[O-],-3.58
C[C@@H]1CC[C@H](C(=O)C1)C(C)C,-2.53
CC(=O)c1ccc(cc1)OC,-4.4
CCCCCCCC=C,2.06
c1cc(c(c(c1)Cl)C#N)Cl,-4.71
CCC[N+](=O)[O-],-3.34
NN,-9.3
CC1=CC(=O)[C@@H](CC1)C(C)C,-4.51
[C@@H](C(F)(F)F)(F)Br,0.5
CC=C,1.32
CCC[C@@H](C)O,-4.39
C1CCNC1,-5.48
c1ccc(cc1)C#N,-4.1
CC(=O)Oc1ccccc1C(=O)O,-9.94
CCCC#N,-3.64
CCCCCCCC,2.88
c1ccc(cc1)CCO,-6.79
c1ccc(cc1)CO,-6.62
CCCBr,-0.56
CCOC(=O)CCC(=O)OCC,-5.71
c1ccc2c(c1)Cc3ccccc3C2,-3.78
CCC(=O)Nc1ccc(c(c1)Cl)Cl,-7.78
CC(C)CO[N+](=O)[O-],-1.88
c1cc(cc(c1)C(F)(F)F)C(F)(F)F,1.07
Cc1cccc(c1O)C,-5.26
CCCCCCO,-4.4
CCCCCCCBr,0.34
CCCCCCCCN,-3.65
c1ccc(cc1)c2cc(ccc2Cl)Cl,-2.46
CS(=O)C,-9.28
CC/C=C\C,1.31
CCCC(=O)OCC,-2.49
CCCCC(=O)C,-3.28
CC(C)Cc1cnccn1,-5.04
CCCC(=O)O,-6.35
c1cc(cc(c1)O)[N+](=O)[O-],-9.62
C(=C(Cl)Cl)(Cl)Cl,0.1
Cc1ccccc1Cl,-1.14
C1(C(C(C1(F)F)(F)F)(F)F)(F)F,3.43
CC[C@H](C)c1ccccc1,-0.45
COc1c(ccc(c1C(=O)O)Cl)Cl,-9.86
CN(C)C=O,-7.81
CC(C)(C)Cl,1.09
C(CO[N+](=O)[O-])O[N+](=O)[O-],-5.73
CCCOCCO,-6.4
CCCCCOC(=O)CC,-2.11
COCC(OC)(OC)OC,-5.73
CC1=CC(=O)CC(C1)(C)C,-5.18
CCCc1ccc(c(c1)OC)O,-5.26
CC(=O)C1CCCCC1,-3.9
C,2.0
CCCCCCCI,0.27
CCCCCO,-4.57
Cc1cccc(n1)C,-4.59
CCC(C)(C)C,2.51
CCc1cccc(c1N(COC)C(=O)CCl)CC,-8.21
COc1ccc(cc1)N,-7.48
CCCc1ccc(cc1)O,-5.21
C[C@H]1CCCO1,-3.3
CO,-5.1
CN(CC(F)(F)F)c1ccccc1,-1.92
c1ccc(cc1)CBr,-2.38
c1ccc(cc1)Br,-1.46
CC1=CC[C@H](C[C@@H]1O)C(=C)C,-4.44
CCCC(C)(C)O,-3.92
Cc1cccs1,-1.38
COc1ccccc1N,-6.12
COc1ccccc1OC,-5.33
CCCOC(=O)C,-2.79
c1c(c(cc(c1Cl)Cl)Cl)Cl,-1.34
COc1ccccc1,-2.45
c1ccc(cc1)[N+](=O)[O-],-4.12
C1CC1,0.75
c1ccc(cc1)OC=O,-3.82
c1cc(c(cc1Cl)Cl)Cl,-1.12
c1ccc2cc(ccc2c1)O,-8.11
CCCCCCC(=O)C,-2.88
c1cc(ccc1Br)Br,-2.3
c1ccc2cc(ccc2c1)N,-7.47
c1ccc(cc1)n2c(=O)c(c(cn2)N)Cl,-16.43
CC[C@H](C(C)C)O,-3.88
c1c2c(cc(c1Cl)Cl)Oc3cc(c(cc3O2)Cl)Cl,-3.37
COC=O,-2.78
CCC(C)(C)O,-4.43
CCCC#C,0.01
CCCC(C)C,2.51
C([C@@H]1[C@H]([C@@H]([C@H]([C@@H](O1)O)O)O)O)O,-25.47
c1cc(cc(c1)O)C=O,-9.52
CCCCCCBr,0.18
c1c(c(=O)[nH]c(=O)[nH]1)Br,-18.17
CCCOCCC,-1.16
Cc1ccc(cc1)O,-6.13
CC1CCC(CC1)C,2.11
COc1cccc(c1)O,-7.66
COC(=O)C1CC1,-4.1
c1cc(c(c(c1Cl)Cl)Cl)Cl,-1.34
CCSCC,-1.46
c1ccc(cc1)F,-0.8
CC1CCCC1,1.59
CC(C)Br,-0.48
CCOP(=S)(OCC)SCSCC,-4.37
CCCCCCCCO,-4.09
CC[C@@H](C)C(C)C,2.52
Cc1ccc(c(c1)C)O,-6.01
CC(=O)C,-3.8
CCCCCCOC(=O)C,-2.26
CCc1ccc(cc1)O,-6.13
CC[C@H](C)O,-4.62
CC(=C)[C@H]1CCC(=CC1)C=O,-4.09
c1ccc(cc1)O[C@@H](C(F)F)F,-1.29
CCCN(CCC)c1c(cc(cc1[N+](=O)[O-])S(=O)(=O)C)[N+](=O)[O-],-7.98
COc1ccccc1O,-5.94
CCCCCl,-0.16
CCCC,2.1
C[C@H]1CC[C@@H](O1)C,-2.92
C1[C@H]([C@@H]([C@H]([C@H](O1)O)O)O)O,-20.52
Cc1ccc2cc(ccc2c1)C,-2.63
CCOCC,-1.59
CCCCS,-0.99
CCCN(CCC)C(=O)SCCC,-4.13
C(C(F)(F)F)Cl,0.06
CC(C)(C)OC,-2.21
CCCCN(CC)C(=O)SCCC,-3.64
CCC=O,-3.43
c1(c(c(c(c(c1Cl)Cl)Cl)Cl)Cl)c2c(c(c(c(c2Cl)Cl)Cl)Cl)Cl,-2.98
C[C@@H](c1ccc2cc(ccc2c1)OC)C(=O)O,-10.21
CC(=O)N1CCCC1,-9.8
C1CNCCN1,-7.4
c1ccc(c(c1)Cl)Cl,-1.36
CCN,-4.5
CBr,-0.82
C(I)I,-2.49
c1cnccc1C=O,-7.0
CN(C)C,-3.2
Cn1cccc1,-2.89
CC[C@@H](C)c1cc(cc(c1O)[N+](=O)[O-])[N+](=O)[O-],-6.23
c1ccccc1,-0.9
CC(=CCC/C(=C\CO)/C)C,-4.78
CCCCBr,-0.4
CC(C)Cc1ccccc1,0.16
CCCCCCC,2.67
c1cc(cc(c1)Cl)O,-6.62
CN1CCOCC1,-6.32
c1ccc2c(c1)cccn2,-5.72
Cc1cccnc1C,-4.82
CN(C)C(=O)c1ccccc1,-9.29
CN(C)C(=O)c1ccc(cc1)OC,-11.01
CCCCC/C=C/C=O,-3.43
CCCCCCCC(=O)C,-2.49
CCN(CC)c1c(cc(c(c1[N+](=O)[O-])N)C(F)(F)F)[N+](=O)[O-],-5.66
COCCN,-6.55
CC(C)CC(C)(C)C,2.89
Cc1cccc(c1C)O,-6.16
C1CCCC(CC1)O,-5.48
N,-4.29
CCCOC,-1.66
C(C(Cl)(Cl)Cl)(Cl)Cl,-1.23
CC(=O)C(C)(C)C,-3.11
c1cnc[nH]1,-9.63
CC(C)OC,-2.01
CC(C)C(C)C(C)C,2.56
CC(=C)C,1.16
c1cc(ccc1O)Br,-5.85
c1ccc2c(c1)Oc3c(c(c(c(c3Cl)Cl)Cl)Cl)O2,-3.81
CN,-4.55
CCCOC(=O)CC,-2.44
c1cc(cnc1)C#N,-6.75
CCOCCO,-6.69
Cc1cc(ccc1Cl)O,-6.79
Cc1cnccn1,-5.51
CSSC,-1.83
c1ccc(c(c1)C=O)O,-4.68
S,-0.7
C1COCCO1,-5.06
CC(=O)c1ccccc1,-4.58
Cc1cccc(c1)C,-0.83
CCSC,-1.5
Cc1cccc(c1N)C,-5.21
Cc1ccc(c(c1)O)C,-5.91
c1ccc2c(c1)cccc2O,-7.67
Cc1cc2ccccc2cc1C,-2.78
c1ccncc1,-4.69
C[C@@H](CCl)Cl,-1.27
c1cc(c(cc1O)Cl)Cl,-7.29
CC(=C)C=C,0.68
c1cc(ccc1O)Cl,-7.03
CCC[C@H](C)CC,2.71
C1CCCC1,1.2
C(C(Cl)Cl)Cl,-1.99
C1CCC(CC1)O,-5.46
CN(C)CCOC(c1ccccc1)c2ccccc2,-9.34
Cc1cccc2c1cccc2,-2.44
CCC(C)C,2.38
C=C(Cl)Cl,0.25
c1c(cc(c(c1Cl)Cl)Cl)c2cc(c(c(c2Cl)Cl)Cl)Cl,-3.17
C[C@@H](c1ccc(cc1)CC(C)C)C(=O)O,-7.0
CCCC(C)(C)C,2.88
c1ccc(cc1)C=O,-4.02
CCCCCCCl,0.0
CCc1ccccn1,-4.33
CCCCC#N,-3.52
CC(=O)OCC(COC(=O)C)OC(=O)C,-8.84
c1cc2c(cc1Cl)Oc3c(c(c(c(c3Cl)Cl)Cl)Cl)O2,-4.15
C1CCOC1,-3.47
C(CCl)OCCCl,-4.23
Cc1cccc(c1)O,-5.49
Cc1cccnc1,-4.77
CC(C)C(=O)C,-3.24
c1c(=O)[nH]c(=O)[nH]c1Cl,-15.83
c1ccc2c(c1)ccc3c2cccc3,-3.88
COP(=S)(OC)Oc1ccc(cc1)[N+](=O)[O-],-7.19
c1ccc(cc1)CCl,-1.93
CC1(Cc2cccc(c2O1)OC(=O)NC)C,-9.61
CCI,-0.74
c1ccnc(c1)Cl,-4.39
Cc1ccccn1,-4.63
COC(=O)C1CCCCC1,-3.3
C1=C[C@@H]([C@@H]2[C@H]1[C@@]3(C(=C([C@]2(C3(Cl)Cl)Cl)Cl)Cl)Cl)Cl,-2.55
CC(=O)c1cccnc1,-8.26
CCOc1ccccc1,-2.22
c1cc(cnc1)Cl,-4.01
c1cc(cc(c1)Cl)Cl,-0.98
CSC,-1.61
CCCCCCC#C,0.71
CCOP(=S)(OCC)SCSc1ccc(cc1)Cl,-6.5
CC(=O)N,-9.71
CCCCCC(=O)OC,-2.49
Cc1ccc(cc1)Br,-1.39
C[N+](=O)[O-],-4.02
CCCCc1ccccc1,-0.4
CC=C(C)C,1.31
CCCCCCCCl,0.29
c1ccc2c(c1)cccc2N,-7.28
CCNc1nc(nc(n1)SC)NC(C)(C)C,-6.68
Cc1ccncc1,-4.93
Cc1cc(cc(c1)O)C,-6.27
CCCC(=O)OC,-2.83
C(=C\Cl)\Cl,-1.17
C(C(F)(F)F)O,-4.31
c1c(c(=O)[nH]c(=O)[nH]1)C(F)(F)F,-15.46
c1ccc2c(c1)CCC2,-1.46
CCCNCCC,-3.65
Cc1ccccc1C,-0.9
CCCCCC=C,1.66
CCc1cnccn1,-5.45
Cc1ccccc1O,-5.9
CCCCCCC=O,-2.67
C(CBr)Cl,-1.95
CCC(=O)O,-6.46
CC(OC(=O)C)OC(=O)C,-4.97
Cc1cccc(c1C)C,-1.21
c1cc(c(c(c1)Cl)c2c(cccc2Cl)Cl)Cl,-2.28
c1ccc2ccccc2c1,-2.4
CC(C)(C)O,-4.47
CCCCCC1CCCC1,2.55
CCCCCCCCCC,3.16
C(F)(F)(F)F,3.12
COS(=O)(=O)C,-4.87
CCCCCCCCCCO,-3.64
CCCCCC(=O)O,-6.21
CNC(=O)Oc1cccc2c1cccc2,-9.45
C=Cc1ccccc1,-1.24
Cc1ccc(cc1)C(=O)C,-4.7
CC(C)CCO,-4.42
CCCCC(=O)OC,-2.56
CCCCC=C,1.58
Cc1c(c(=O)n(c(=O)[nH]1)C(C)(C)C)Cl,-11.14
Cc1ccc(c2c1cccc2)C,-2.82
CCCO,-4.85
C(C(CO)O)O,-13.43
C=CC=C,0.56
CC(C)[N+](=O)[O-],-3.13
CCN(CC)CC,-3.22
c1ccc2c(c1)Oc3cccc(c3O2)Cl,-3.52
c1cc(c(cc1c2cc(c(c(c2Cl)Cl)Cl)Cl)Cl)Cl,-3.04
c1cc(cnc1)C=O,-7.1
CC(=C)C(=C)C,0.4
C[C@@H](c1cccc(c1)C(=O)c2ccccc2)C(=O)O,-10.78
c1ccc2c(c1)Oc3ccccc3O2,-3.15
CCOP(=S)(OCC)S[C@@H](CCl)N1C(=O)c2ccccc2C1=O,-5.74
C(CO)O,-9.3
CC(C)(/C=N\OC(=O)NC)SC,-9.84
c1cc(ccc1O)F,-6.19
c1cc(c(c(c1c2cc(c(c(c2Cl)Cl)Cl)Cl)Cl)Cl)Cl,-4.4
C=CCO,-5.03
COc1ccc(cc1)C(=O)OC,-5.33
CC#N,-3.88
C1COCCN1,-7.17
CN1CCNCC1,-7.77
c1(c(c(c(c(c1Cl)Cl)Cl)Cl)Cl)N(=O)=O,-5.22
CCCCOC[C@H](C)O,-5.73
c1cc(c(cc1c2c(c(cc(c2Cl)Cl)Cl)Cl)Cl)Cl,-4.38
CCCN,-4.39
CC(=O)c1ccncc1,-7.62
COC(=O)CC#N,-6.72
CCCCCCO[N+](=O)[O-],-1.66
c1cc[nH]c1,-4.78
Cc1ccc(cc1)C(=O)N(C)C,-9.76
c1ccc(cc1)c2ccccc2,-2.7
c1cc(ccc1N)Cl,-5.9
C[C@@H]1CCCC[C@@H]1C,1.58
C(CBr)Br,-2.33
CC(C)CCOC=O,-2.13
C1CCOCC1,-3.12
C(C(F)(Cl)Cl)(F)(F)Cl,1.77
CCC(C)(C)CC,2.56
c1c(c(=O)[nH]c(=O)[nH]1)Cl,-17.74
CCCl,-0.63
CCCCCCCCCO,-3.88
c1ccc2c(c1)Oc3cc(c(cc3O2)Cl)Cl,-3.56
CCCS,-1.1
CCCC(=O)CCC,-2.92
c1c(c(=O)[nH]c(=O)[nH]1)F,-16.92
Cc1ccc(cc1)C=O,-4.27
COC(OC)OC,-4.42
CCCC1CCCC1,2.13
CCOC(=O)c1ccc(cc1)O,-9.2
Cc1ccc(cc1)C(C)C,-0.68
Cc1c[nH]c2c1cccc2,-5.88
Cc1cc(cnc1)C,-4.84
CCCCCCCC=O,-2.29
c1ccc(cc1)c2c(cc(cc2Cl)Cl)Cl,-2.16
CCC(=O)OCC,-2.68
CI,-0.89
CCOCCOC(=O)C,-5.31
CCCCOC(=O)c1ccc(cc1)O,-8.72
CC[N+](=O)[O-],-3.71
CCCC(=O)OCCC,-2.28
CSc1ccccc1,-2.73
CC(Cl)(Cl)Cl,-0.19
CCS,-1.14
CC(C)O,-4.74
CCc1ccccc1O,-5.66
C[C@@H](CCO[N+](=O)[O-])O[N+](=O)[O-],-4.29
CCCC[N+](=O)[O-],-3.09
CCc1cccc(c1)O,-6.25
CCCCC#C,0.29
C(=C(F)F)(C(F)(F)F)F,2.93
CCCCCN,-4.09
COC(CCl)(OC)OC,-4.59
CC(C)CO,-4.5
c1ccc2cc3ccccc3cc2c1,-3.95
c1cc(c(cc1c2ccc(cc2F)F)C(=O)O)O,-9.4
CCCCCC,2.48
CC(C)C,2.3
CC(C)(C)Br,0.84
CS(=O)(=O)C,-10.08
COC(=O)c1ccc(cc1)[N+](=O)[O-],-6.88
Cc1ccc(c(c1)OC)O,-5.8
COP(=O)(OC)OC,-8.7
Cc1ccc(c(c1)C)C,-0.86
CNC,-4.29
c12c(c(c(c(c1Cl)Cl)Cl)Cl)Oc3c(c(c(c(c3Cl)Cl)Cl)Cl)O2,-4.53
CCBr,-0.74
CCC=C,1.38
c1cc(ccc1C#N)O,-10.17
c1ccc2c(c1)C(=O)c3c(ccc(c3C2=O)O)N,-9.53
C=CCl,-0.59
CCCN(CCC)c1c(cc(cc1[N+](=O)[O-])C(F)(F)F)[N+](=O)[O-],-3.25
c1cnccc1C#N,-6.02
c1c(cc(c(c1Cl)Cl)Cl)Cl,-1.62
c1c2c(cc(c1Cl)Cl)Oc3c(c(c(c(c3Cl)Cl)Cl)Cl)O2,-3.71
CCCC/C=C/C,1.68
CCCCC(C)C,2.93
C1CCNCC1,-5.11
C[C@@H]1CC[C@H](CC1=O)C(=C)C,-3.75
c1ccc(cc1)CCCO,-6.92
c1ccc(cc1)C(=O)N,-11.0
CCC(=O)CC,-3.41
CCCCCCCCC(=O)C,-2.34
COc1cccc(c1O)OC,-6.96
CCOC(=O)C,-2.94
C(=C/Cl)\Cl,-0.78
C[C@@H]1CC[C@H]([C@@H](C1)O)C(C)C,-3.2
c1(c(c(c(c(c1Cl)Cl)Cl)Cl)Cl)Cl,-2.33
CNc1ccccc1,-4.69
CCCCC(=O)CCCC,-2.64
C(Cl)(Cl)(Cl)Cl,0.08
CCCCOC(=O)C,-2.64
CCCCl,-0.33
Cc1ccc(cc1C)O,-6.5
CCCCCCc1ccccc1,-0.04
CC(C)(C)C,2.51
C1[C@H]([C@@H]2[C@H]([C@H]1Cl)[C@]3(C(=C([C@@]2(C3(Cl)Cl)Cl)Cl)Cl)Cl)Cl,-3.44
COP(=O)([C@H](C(Cl)(Cl)Cl)O)OC,-12.74
CC[C@@H](C)CO,-4.42
CN(C)C(=O)Nc1ccccc1,-9.13
c1ccc2c(c1)C(=O)NC2=O,-9.61
CCCCCC(=O)C,-3.04
CC(OC)(OC)OC,-4.42
C(C(Cl)(Cl)Cl)Cl,-1.43
CCc1cccnc1,-4.59
CCOC(C)OCC,-3.28
CC(C)CCOC(=O)C,-2.21
CCc1ccc(cc1)C,-0.95
CCC(CC)O,-4.35
c1cc(cc(c1)[N+](=O)[O-])N,-8.84
Cn1ccnc1,-8.41
c1(=O)[nH]c(=O)[nH]c(=O)[nH]1,-18.06
CCCCCCCN,-3.79
COC(C(Cl)Cl)(F)F,-1.12
C/C=C/C=O,-4.22
COC(=O)CCl,-4.0
c1ccc(cc1)I,-1.74
c1ccc(cc1)c2cc(c(c(c2Cl)Cl)Cl)Cl,-3.48
C1CCC(C1)O,-5.49
C(CO[N+](=O)[O-])CO[N+](=O)[O-],-4.8
CCNc1nc(nc(n1)SC)NC(C)C,-7.65
CN1CCCCC1,-3.88
CCOP(=S)(OCC)Oc1c(cc(c(n1)Cl)Cl)Cl,-5.04
c1cc2c(cc1Cl)Oc3ccc(cc3O2)Cl,-3.67
CS,-1.2
CCCCCC(=O)OCC,-2.23
CCCc1ccccc1,-0.53
COC,-1.91
CCCCCCCCC=O,-2.07
c1ccc-2c(c1)Cc3c2cccc3,-3.35
COC(CC#N)(OC)OC,-6.4
COC(=O)C(F)(F)F,-1.1
c1ccc(c(c1)O)Cl,-4.55
CCCCCC=O,-2.81
CCC(=O)N,-9.4
C1CCC(=O)CC1,-4.91
CCCCCOC(=O)C,-2.51
Cc1ccc(nc1)C,-4.72
c1ccc(c(c1)[N+](=O)[O-])O,-4.58
CCCCO[N+](=O)[O-],-2.09
CC(C)CCC(C)(C)C,2.93
CCl,-0.55
C([N+](=O)[O-])(Cl)(Cl)Cl,-1.45
Cc1ccnc(c1)C,-4.86
CC(C)(C)c1ccc(cc1)O,-5.91
Cc1ccncc1C,-5.22
C1[C@@H]2[C@H]3[C@@H]([C@H]1[C@H]4[C@@H]2O4)[C@@]5(C(=C([C@]3(C5(Cl)Cl)Cl)Cl)Cl)Cl,-4.82
c1c(cc(cc1Cl)Cl)Cl,-0.78
c1cc(ccc1N)N(=O)=O,-9.82
CCOC,-2.1
C(Cl)Cl,-1.31
CC(=O)O,-6.69
Cc1c[nH]cn1,-10.27
CC1=CCCCC1,0.67
CC(=O)C1CC1,-4.61
CN(C)CCC=C1c2ccccc2CCc3c1cccc3,-7.43
CCCOC(=O)c1ccc(cc1)O,-9.37
CCCCO,-4.72
CCCCCCCO,-4.21
CCCCCCN,-3.95
CC(C)CC(=O)O,-6.09
CCOP(=S)(OCC)Oc1ccc(cc1)[N+](=O)[O-],-6.74
CCCCOCCCC,-0.83
C1CNC1,-5.56
Cc1cccc(c1C)Nc2ccccc2C(=O)O,-6.78
C1CCC(=O)C1,-4.7
CC[C@H](C)O[N+](=O)[O-],-1.82
CC(C)C(=O)C(C)C,-2.74
c1ccc(c(c1)O)F,-5.29
CCc1ccncc1,-4.73
c1cc(c(cc1Cl)c2cc(c(c(c2)Cl)Cl)Cl)Cl,-3.61
COS(=O)(=O)OC,-5.1
CC1CCCCC1,1.7
COC(=O)c1ccccc1,-3.92
CCOC(=O)CC(=O)OCC,-6.0
CC(C)OC(C)C,-0.53
C[C@H](CC(C)C)O,-3.73
c1ccc(c(c1)C(F)(F)F)C(F)(F)F,1.07
CC(C)C=O,-2.86
COc1c(cc(c(c1O)OC)Cl)Cl,-6.44
CCCCI,-0.25
CC(C)CC(=O)C,-3.05
CCCCCc1ccccc1,-0.23
c1ccc(cc1)S,-2.55
c1ccc2c(c1)Oc3ccc(cc3O2)Cl,-3.1
CC(=O)NC,-10.0
CN(C)C(=O)c1ccc(cc1)[N+](=O)[O-],-11.95
C(C(Cl)Cl)(Cl)Cl,-2.37
CC(C)OC(=O)C,-2.64
C(F)(F)(F)Br,1.79
c1ccc(c(c1)O)I,-6.2
c1cc(ccc1Cl)Cl,-1.01
Cc1ccccc1,-0.9
Cc1ccc(cc1)N,-5.57
CC=O,-3.5
c1ccsc1,-1.4
c1cc(ccc1C=O)O,-8.83
CC(=CCC/C(=C/CO)/C)C,-4.45
CCCCC(=O)O,-6.16
CN1CCN(CC1)C,-7.58
COCCO,-6.619999999999999
CCc1ccccc1C,-0.85
c1cc(ccc1[N+](=O)[O-])O,-10.64
[C@@H](C(F)(F)F)(OC(F)F)Cl,0.1
CCCCCBr,-0.1
c1ccc(cc1)Cn2ccnc2,-7.63
CS(=O)(=O)Cl,-4.87
c1cc2ccc3cccc4c3c2c(c1)cc4,-4.52
CC(=O)CO[N+](=O)[O-],-5.99
c1cc2cccc3c2c(c1)CC3,-3.15
c1ccc(cc1)c2ccccc2Cl,-2.69
CCNCC,-4.07
c1cc(c(c(c1)Cl)c2c(cc(cc2Cl)Cl)Cl)Cl,-1.96
Cc1cc(cc(c1)C)C,-0.9
CCSSCC,-1.64
Cc1ccccc1N,-5.53
CC[C@H](C)n1c(=O)c(c([nH]c1=O)C)Br,-9.73
CCCC=C,1.68
C[C@@H](C(F)(F)F)O,-4.16
CCCCC=O,-3.03
CC(C)(C)C(=O)OC,-2.4
CCCCC(=O)OCC,-2.49
CCCCCCCCCC(=O)C,-2.15
COc1cc(c(c(c1O)OC)Cl)C=O,-7.78
CCCCNCCCC,-3.24
CCc1ccccc1,-0.79
CCOP(=S)(OCC)Oc1cc(nc(n1)C(C)C)C,-6.48
Cc1ccccc1C=O,-3.93
CC(C)I,-0.46
CC(C)CC(C)C,2.83
C1CC[S+2](C1)([O-])[O-],-8.61
CCCCCCC=C,1.92
CC(C)(C)c1ccccc1,-0.44
c1cc(c(c(c1)Cl)Cl)Cl,-1.24
C(CCl)CCl,-1.89
COCCOC,-4.84
CCNc1nc(nc(n1)Cl)NCC,-10.22
CC(C)Cl,-0.25
C(CCCl)CCl,-2.32
CCCCCCI,0.08
CCOP(=S)(OCC)SCSP(=S)(OCC)OCC,-6.1
COCOC,-2.93
CCC[N@@](CC1CC1)c2c(cc(cc2[N+](=O)[O-])C(F)(F)F)[N+](=O)[O-],-2.45
C1CCC=CC1,0.14
COc1c(c(c(c(c1Cl)C=O)Cl)OC)O,-8.68
COP(=S)(OC)SCn1c(=O)c2ccccc2nn1,-10.03
CC[C@H](C)Cl,0.0
C[C@@H](c1ccc(c(c1)F)c2ccccc2)C(=O)O,-8.42
CCC/C=C/C=O,-3.68
c1ccc(cc1)Cl,-1.12
COc1cccc(c1)N,-7.29
CCCCC,2.3
CCOP(=O)(OCC)O/C(=C/Cl)/c1ccc(cc1Cl)Cl,-7.07
C=C(c1ccccc1)c2ccccc2,-2.78
CC(C)SC(C)C,-1.21
c1c(c(c(c(c1Cl)Cl)Cl)Cl)c2c(cc(c(c2Cl)Cl)Cl)Cl,-4.61
CC,1.83
COC(C(F)(F)F)(OC)OC,-0.8
CCC#N,-3.84
Cn1cnc2c1c(=O)n(c(=O)n2C)C,-12.64
Cc1c(nc(nc1OC(=O)N(C)C)N(C)C)C,-9.41
CC(=O)OCCOC(=O)C,-6.34
c1ccc2c(c1)C(=O)c3cccc(c3C2=O)NCCO,-14.21
C=CCCC=C,1.01
CC(C)c1ccccc1,-0.3
CCOC(OCC)Oc1ccccc1,-5.23
CCC[C@H](CC)O,-4.06
